AccountId,Name,Age,City,State,Pincode
0012j00000GjoGnAAJ,Testt test Kumarr,29,Pune,Maharashtra,411040.0
0012j00000GmxLdAAJ,Testeshaan Testaggarwal,33,Pune,Maharashtra,411004.0
0018p0000054vjzAAA,Divyatest Test Test,33,Pune,Maharashtra,411004.0
0018p000004rhlqAAA,Test1 Test Test2,33,Pune,Maharashtra,411004.0
0018p00000552gZAAQ,Test Test Test,33,Pune,Maharashtra,411004.0
0018p000004Y163AAC,Suniltest Test Test,33,Pune,Maharashtra,411004.0
0018p000005b1OgAAI,Kamaltest Test Test,33,Pune,Maharashtra,411004.0
0018p000007FZfzAAG,Testdivya Test,33,Pune,Maharashtra,411004.0
0018p000007MBx7AAG,Divyatest Test Kaul,33,Pune,Maharashtra,411004.0
0018p0000074z1eAAA,Shreyas Test Test,33,Pune,Maharashtra,411004.0
0018p000007WtLdAAK,Testshantanu Test Test,33,Pune,Maharashtra,411004.0
0018p000006TVysAAG,Testdivya Test Kaul,33,Pune,Maharashtra,411004.0
0018p000004k14WAAQ,Test Test,36,Pune,Maharashtra,411004.0
0018p000007X2ylAAC,Testgurpalak Test Test,33,Pune,Maharashtra,411004.0
0018p000007yxkPAAQ,Testdivya Test Test,33,Pune,Maharashtra,411004.0
0018p000006AFP6AAO,Shreyas Test Test,33,Pune,Maharashtra,411004.0
0018p000008P83tAAC,Test Test Test,33,Pune,Maharashtra,411004.0
0018p0000096Ap3AAE,Imisha Test,28,Pune,Maharashtra,411011.0
0018p0000031RvQAAU,Shashank Raitest,124,Vaishali,Bihar,844126.0
0018p000007eDVeAAM,Test Gurpalak Test Test,33,Pune,Maharashtra,411004.0
0018p000007oMCcAAM,Testsmita Test Solunke,33,Pune,Maharashtra,411004.0
0018p000009l3wBAAQ,Testdivya Kaul,124,Pune,Maharashtra,411004.0
001OA000000jolUYAQ,Prodmon Test,33,Pune,Maharashtra,411004.0
0018p000007tIsVAAU,Testvishal Test,33,Pune,Maharashtra,411004.0
001OA000006f6KeYAI,Mayur Talwekartest,21,Pune,MH,411004.0
001OA000001JSw6YAG,Test Test,33,Pune,Maharashtra,411004.0
0018p000009aOEoAAM,Testing Test Test,33,Pune,Maharashtra,411004.0
001OA000000sMejYAE,Test Test Test,33,Pune,MH,411004.0
0018p000009dTCuAAM,Ashwin Test,33,Pune,Maharashtra,411004.0
0018p000005OZtzAAG,Test Test,33,Pune,Maharashtra,411004.0
0018p000009WIRCAA4,Testgurpalak Test Test,33,Pune,Maharashtra,411004.0
001OA000002X8FlYAK,Test abhidandan Mishra,24,Unknown,Unknown,0.0
001OA000002WlIuYAK,Test Test,25,Pune,Maharashtra,411004.0
0018p000007pmXLAAY,Test Test Test,33,Pune,Maharashtra,411004.0
001OA000002Z1HpYAK,Test Dash,25,Unknown,Unknown,0.0
001OA0000013DmwYAE,Test Test Test,33,Pune,Maharashtra,411004.0
0018p000009VgdQAAS,Test Test Test,33,Pune,Maharashtra,411004.0
001OA0000032fa9YAA,Anjalitest Test Nevasetest,33,Pune,Maharashtra,411004.0
001OA000002xOhvYAE,Test Test Test,33,Pune,Maharashtra,411004.0
001OA0000040P9GYAU,Amey Test,33,Pune,Maharashtra,411004.0
001OA0000043VTDYA2,Test Smita,33,Pune,Maharashtra,411004.0
001OA000002dR7LYAU,Akshaytest Gandurde,33,Pune,MH,411004.0
001OA000006Oe7KYAS,Anjali Test Nevasetest,33,Pune,Maharashtra,411004.0
001OA000002zFfQYAU,Testrimjhim Testrimjhim,33,Pune,Maharashtra,411004.0
001OA000001WFWYYA4,Sandesh Mujmuletest,27,Pune,MH,411004.0
001OA000002m2chYAA,Test Test Test,33,Pune,MH,411004.0
001OA000009jWTDYA2,Divensh Balpandetest,33,Pune,MH,411004.0
001OA0000094W7WYAU,Agentportal Testautomation,33,Pune,Maharashtra,411004.0
001OA000002e5sgYAA,Testautomationprimary Test Test,33,Pune,Maharashtra,411004.0
0018p000002xWG4AAM,AtulTest GoreT,34,Pune,MH,411004.0
001OA00000BrFQrYAN,Sansedh Test,31,Pune,Maharashtra,411004.0
001OA00000BoSAyYAN,Test Automation,31,BILASPUR,MH,411004.0
001OA000005vkCzYAI,TESTSail BAJAJ,30,Unknown,Unknown,0.0
001OA00000BnRVaYAN,Sailu Testrao,33,Pune,MH,411004.0
001OA00000BoiUCYAZ,Test Automation,31,Pune,Maharashtra,411004.0
001OA00000BqluTYAR,Abhi Test,26,Nagpur,Maharashtra,440018.0
001OA00000BpXNCYA3,Shweta Test,31,Pune,MH,411004.0
0018p000003rjI5AAI,Mayur Test,39,Buldhana,Maharashtra,443104.0
001OA00000Dat51YAB,Ameya Kumar Test,39,Palghar,Maharashtra,401305.0
001OA0000032e6lYAA,Test Nandnihexa,25,Unknown,Unknown,0.0
123456788,Aaftab Noorani,23,Nagpur,Maharashtra,411014
